1,9.0,Player 1,T 1
1,7.0,Player 2,T 1
1,9.0,Player 3,T 1
1,7.0,Player 4,T 1
1,7.0,Player 5,T 1
1,9.0,Player 6,T 1
1,7.0,Player 7,T 1
1,9.0,Player 8,T 1
1,16.0,Player 1,T 2
1,13.0,Player 2,T 2
1,16.0,Player 3,T 2
1,14.0,Player 4,T 2
1,14.0,Player 5,T 2
1,16.0,Player 6,T 2
1,14.0,Player 7,T 2
1,20.0,Player 8,T 2
1,23.0,Player 1,T 3
1,19.0,Player 2,T 3
1,23.0,Player 3,T 3
1,21.0,Player 4,T 3
1,21.0,Player 5,T 3
1,23.0,Player 6,T 3
1,21.0,Player 7,T 3
1,31.0,Player 8,T 3
1,30.0,Player 1,T 4
1,25.0,Player 2,T 4
1,30.0,Player 3,T 4
1,28.0,Player 4,T 4
1,28.0,Player 5,T 4
1,30.0,Player 6,T 4
1,28.0,Player 7,T 4
1,42.0,Player 8,T 4
